member,split,encounter_id,source_file,output_file
Member 1,train,D2N001,train.csv,ehr_member1_train.csv
Member 2,train,D2N002,train.csv,ehr_member2_train.csv
Member 3,train,D2N003,train.csv,ehr_member3_train.csv
Member 1,train,D2N004,train.csv,ehr_member1_train.csv
Member 2,train,D2N005,train.csv,ehr_member2_train.csv
Member 3,train,D2N006,train.csv,ehr_member3_train.csv
Member 1,train,D2N007,train.csv,ehr_member1_train.csv
Member 2,train,D2N008,train.csv,ehr_member2_train.csv
Member 3,train,D2N009,train.csv,ehr_member3_train.csv
Member 1,train,D2N010,train.csv,ehr_member1_train.csv
Member 2,train,D2N011,train.csv,ehr_member2_train.csv
Member 3,train,D2N012,train.csv,ehr_member3_train.csv
Member 1,train,D2N013,train.csv,ehr_member1_train.csv
Member 2,train,D2N014,train.csv,ehr_member2_train.csv
Member 3,train,D2N015,train.csv,ehr_member3_train.csv
Member 1,train,D2N016,train.csv,ehr_member1_train.csv
Member 2,train,D2N017,train.csv,ehr_member2_train.csv
Member 3,train,D2N018,train.csv,ehr_member3_train.csv
Member 1,train,D2N019,train.csv,ehr_member1_train.csv
Member 2,train,D2N020,train.csv,ehr_member2_train.csv
Member 3,train,D2N021,train.csv,ehr_member3_train.csv
Member 1,train,D2N022,train.csv,ehr_member1_train.csv
Member 2,train,D2N023,train.csv,ehr_member2_train.csv
Member 3,train,D2N024,train.csv,ehr_member3_train.csv
Member 1,train,D2N025,train.csv,ehr_member1_train.csv
Member 2,train,D2N026,train.csv,ehr_member2_train.csv
Member 3,train,D2N027,train.csv,ehr_member3_train.csv
Member 1,train,D2N028,train.csv,ehr_member1_train.csv
Member 2,train,D2N029,train.csv,ehr_member2_train.csv
Member 3,train,D2N030,train.csv,ehr_member3_train.csv
Member 1,train,D2N031,train.csv,ehr_member1_train.csv
Member 2,train,D2N032,train.csv,ehr_member2_train.csv
Member 3,train,D2N033,train.csv,ehr_member3_train.csv
Member 1,train,D2N034,train.csv,ehr_member1_train.csv
Member 2,train,D2N035,train.csv,ehr_member2_train.csv
Member 3,train,D2N036,train.csv,ehr_member3_train.csv
Member 1,train,D2N037,train.csv,ehr_member1_train.csv
Member 2,train,D2N038,train.csv,ehr_member2_train.csv
Member 3,train,D2N039,train.csv,ehr_member3_train.csv
Member 1,train,D2N040,train.csv,ehr_member1_train.csv
Member 2,train,D2N041,train.csv,ehr_member2_train.csv
Member 3,train,D2N042,train.csv,ehr_member3_train.csv
Member 1,train,D2N043,train.csv,ehr_member1_train.csv
Member 2,train,D2N044,train.csv,ehr_member2_train.csv
Member 3,train,D2N045,train.csv,ehr_member3_train.csv
Member 1,train,D2N046,train.csv,ehr_member1_train.csv
Member 2,train,D2N047,train.csv,ehr_member2_train.csv
Member 3,train,D2N048,train.csv,ehr_member3_train.csv
Member 1,train,D2N049,train.csv,ehr_member1_train.csv
Member 2,train,D2N050,train.csv,ehr_member2_train.csv
Member 3,train,D2N051,train.csv,ehr_member3_train.csv
Member 1,train,D2N052,train.csv,ehr_member1_train.csv
Member 2,train,D2N053,train.csv,ehr_member2_train.csv
Member 3,train,D2N054,train.csv,ehr_member3_train.csv
Member 1,train,D2N055,train.csv,ehr_member1_train.csv
Member 2,train,D2N056,train.csv,ehr_member2_train.csv
Member 3,train,D2N057,train.csv,ehr_member3_train.csv
Member 1,train,D2N058,train.csv,ehr_member1_train.csv
Member 2,train,D2N059,train.csv,ehr_member2_train.csv
Member 3,train,D2N060,train.csv,ehr_member3_train.csv
Member 1,train,D2N061,train.csv,ehr_member1_train.csv
Member 2,train,D2N062,train.csv,ehr_member2_train.csv
Member 3,train,D2N063,train.csv,ehr_member3_train.csv
Member 1,train,D2N064,train.csv,ehr_member1_train.csv
Member 2,train,D2N065,train.csv,ehr_member2_train.csv
Member 3,train,D2N066,train.csv,ehr_member3_train.csv
Member 1,train,D2N067,train.csv,ehr_member1_train.csv
Member 1,valid,D2N068,valid.csv,ehr_member1_valid.csv
Member 2,valid,D2N069,valid.csv,ehr_member2_valid.csv
Member 3,valid,D2N070,valid.csv,ehr_member3_valid.csv
Member 1,valid,D2N071,valid.csv,ehr_member1_valid.csv
Member 2,valid,D2N072,valid.csv,ehr_member2_valid.csv
Member 3,valid,D2N073,valid.csv,ehr_member3_valid.csv
Member 1,valid,D2N074,valid.csv,ehr_member1_valid.csv
Member 2,valid,D2N075,valid.csv,ehr_member2_valid.csv
Member 3,valid,D2N076,valid.csv,ehr_member3_valid.csv
Member 1,valid,D2N077,valid.csv,ehr_member1_valid.csv
Member 2,valid,D2N078,valid.csv,ehr_member2_valid.csv
Member 3,valid,D2N079,valid.csv,ehr_member3_valid.csv
Member 1,valid,D2N080,valid.csv,ehr_member1_valid.csv
Member 2,valid,D2N081,valid.csv,ehr_member2_valid.csv
Member 3,valid,D2N082,valid.csv,ehr_member3_valid.csv
Member 1,valid,D2N083,valid.csv,ehr_member1_valid.csv
Member 2,valid,D2N084,valid.csv,ehr_member2_valid.csv
Member 3,valid,D2N085,valid.csv,ehr_member3_valid.csv
Member 1,valid,D2N086,valid.csv,ehr_member1_valid.csv
Member 2,valid,D2N087,valid.csv,ehr_member2_valid.csv
Member 3,test1,D2N088,clinicalnlp_taskB_test1.csv,ehr_member3_test1.csv
Member 1,test1,D2N089,clinicalnlp_taskB_test1.csv,ehr_member1_test1.csv
Member 2,test1,D2N090,clinicalnlp_taskB_test1.csv,ehr_member2_test1.csv
Member 3,test1,D2N091,clinicalnlp_taskB_test1.csv,ehr_member3_test1.csv
Member 1,test1,D2N092,clinicalnlp_taskB_test1.csv,ehr_member1_test1.csv
Member 2,test1,D2N093,clinicalnlp_taskB_test1.csv,ehr_member2_test1.csv
Member 3,test1,D2N094,clinicalnlp_taskB_test1.csv,ehr_member3_test1.csv
Member 1,test1,D2N095,clinicalnlp_taskB_test1.csv,ehr_member1_test1.csv
Member 2,test1,D2N096,clinicalnlp_taskB_test1.csv,ehr_member2_test1.csv
Member 3,test1,D2N097,clinicalnlp_taskB_test1.csv,ehr_member3_test1.csv
Member 1,test1,D2N098,clinicalnlp_taskB_test1.csv,ehr_member1_test1.csv
Member 2,test1,D2N099,clinicalnlp_taskB_test1.csv,ehr_member2_test1.csv
Member 3,test1,D2N100,clinicalnlp_taskB_test1.csv,ehr_member3_test1.csv
Member 1,test1,D2N101,clinicalnlp_taskB_test1.csv,ehr_member1_test1.csv
Member 2,test1,D2N102,clinicalnlp_taskB_test1.csv,ehr_member2_test1.csv
Member 3,test1,D2N103,clinicalnlp_taskB_test1.csv,ehr_member3_test1.csv
Member 1,test1,D2N104,clinicalnlp_taskB_test1.csv,ehr_member1_test1.csv
Member 2,test1,D2N105,clinicalnlp_taskB_test1.csv,ehr_member2_test1.csv
Member 3,test1,D2N106,clinicalnlp_taskB_test1.csv,ehr_member3_test1.csv
Member 1,test1,D2N107,clinicalnlp_taskB_test1.csv,ehr_member1_test1.csv
Member 2,test1,D2N108,clinicalnlp_taskB_test1.csv,ehr_member2_test1.csv
Member 3,test1,D2N109,clinicalnlp_taskB_test1.csv,ehr_member3_test1.csv
Member 1,test1,D2N110,clinicalnlp_taskB_test1.csv,ehr_member1_test1.csv
Member 2,test1,D2N111,clinicalnlp_taskB_test1.csv,ehr_member2_test1.csv
Member 3,test1,D2N112,clinicalnlp_taskB_test1.csv,ehr_member3_test1.csv
Member 1,test1,D2N113,clinicalnlp_taskB_test1.csv,ehr_member1_test1.csv
Member 2,test1,D2N114,clinicalnlp_taskB_test1.csv,ehr_member2_test1.csv
Member 3,test1,D2N115,clinicalnlp_taskB_test1.csv,ehr_member3_test1.csv
Member 1,test1,D2N116,clinicalnlp_taskB_test1.csv,ehr_member1_test1.csv
Member 2,test1,D2N117,clinicalnlp_taskB_test1.csv,ehr_member2_test1.csv
Member 3,test1,D2N118,clinicalnlp_taskB_test1.csv,ehr_member3_test1.csv
Member 1,test1,D2N119,clinicalnlp_taskB_test1.csv,ehr_member1_test1.csv
Member 2,test1,D2N120,clinicalnlp_taskB_test1.csv,ehr_member2_test1.csv
Member 3,test1,D2N121,clinicalnlp_taskB_test1.csv,ehr_member3_test1.csv
Member 1,test1,D2N122,clinicalnlp_taskB_test1.csv,ehr_member1_test1.csv
Member 2,test1,D2N123,clinicalnlp_taskB_test1.csv,ehr_member2_test1.csv
Member 3,test1,D2N124,clinicalnlp_taskB_test1.csv,ehr_member3_test1.csv
Member 1,test1,D2N125,clinicalnlp_taskB_test1.csv,ehr_member1_test1.csv
Member 2,test1,D2N126,clinicalnlp_taskB_test1.csv,ehr_member2_test1.csv
Member 3,test1,D2N127,clinicalnlp_taskB_test1.csv,ehr_member3_test1.csv
Member 2,test2,D2N128,clinicalnlp_taskC_test2.csv,ehr_member2_test2.csv
Member 3,test2,D2N129,clinicalnlp_taskC_test2.csv,ehr_member3_test2.csv
Member 1,test2,D2N130,clinicalnlp_taskC_test2.csv,ehr_member1_test2.csv
Member 2,test2,D2N131,clinicalnlp_taskC_test2.csv,ehr_member2_test2.csv
Member 3,test2,D2N132,clinicalnlp_taskC_test2.csv,ehr_member3_test2.csv
Member 1,test2,D2N133,clinicalnlp_taskC_test2.csv,ehr_member1_test2.csv
Member 2,test2,D2N134,clinicalnlp_taskC_test2.csv,ehr_member2_test2.csv
Member 3,test2,D2N135,clinicalnlp_taskC_test2.csv,ehr_member3_test2.csv
Member 1,test2,D2N136,clinicalnlp_taskC_test2.csv,ehr_member1_test2.csv
Member 2,test2,D2N137,clinicalnlp_taskC_test2.csv,ehr_member2_test2.csv
Member 3,test2,D2N138,clinicalnlp_taskC_test2.csv,ehr_member3_test2.csv
Member 1,test2,D2N139,clinicalnlp_taskC_test2.csv,ehr_member1_test2.csv
Member 2,test2,D2N140,clinicalnlp_taskC_test2.csv,ehr_member2_test2.csv
Member 3,test2,D2N141,clinicalnlp_taskC_test2.csv,ehr_member3_test2.csv
Member 1,test2,D2N142,clinicalnlp_taskC_test2.csv,ehr_member1_test2.csv
Member 2,test2,D2N143,clinicalnlp_taskC_test2.csv,ehr_member2_test2.csv
Member 3,test2,D2N144,clinicalnlp_taskC_test2.csv,ehr_member3_test2.csv
Member 1,test2,D2N145,clinicalnlp_taskC_test2.csv,ehr_member1_test2.csv
Member 2,test2,D2N146,clinicalnlp_taskC_test2.csv,ehr_member2_test2.csv
Member 3,test2,D2N147,clinicalnlp_taskC_test2.csv,ehr_member3_test2.csv
Member 1,test2,D2N148,clinicalnlp_taskC_test2.csv,ehr_member1_test2.csv
Member 2,test2,D2N149,clinicalnlp_taskC_test2.csv,ehr_member2_test2.csv
Member 3,test2,D2N150,clinicalnlp_taskC_test2.csv,ehr_member3_test2.csv
Member 1,test2,D2N151,clinicalnlp_taskC_test2.csv,ehr_member1_test2.csv
Member 2,test2,D2N152,clinicalnlp_taskC_test2.csv,ehr_member2_test2.csv
Member 3,test2,D2N153,clinicalnlp_taskC_test2.csv,ehr_member3_test2.csv
Member 1,test2,D2N154,clinicalnlp_taskC_test2.csv,ehr_member1_test2.csv
Member 2,test2,D2N155,clinicalnlp_taskC_test2.csv,ehr_member2_test2.csv
Member 3,test2,D2N156,clinicalnlp_taskC_test2.csv,ehr_member3_test2.csv
Member 1,test2,D2N157,clinicalnlp_taskC_test2.csv,ehr_member1_test2.csv
Member 2,test2,D2N158,clinicalnlp_taskC_test2.csv,ehr_member2_test2.csv
Member 3,test2,D2N159,clinicalnlp_taskC_test2.csv,ehr_member3_test2.csv
Member 1,test2,D2N160,clinicalnlp_taskC_test2.csv,ehr_member1_test2.csv
Member 2,test2,D2N161,clinicalnlp_taskC_test2.csv,ehr_member2_test2.csv
Member 3,test2,D2N162,clinicalnlp_taskC_test2.csv,ehr_member3_test2.csv
Member 1,test2,D2N163,clinicalnlp_taskC_test2.csv,ehr_member1_test2.csv
Member 2,test2,D2N164,clinicalnlp_taskC_test2.csv,ehr_member2_test2.csv
Member 3,test2,D2N165,clinicalnlp_taskC_test2.csv,ehr_member3_test2.csv
Member 1,test2,D2N166,clinicalnlp_taskC_test2.csv,ehr_member1_test2.csv
Member 2,test2,D2N167,clinicalnlp_taskC_test2.csv,ehr_member2_test2.csv
Member 3,test3,D2N168,clef_taskC_test3.csv,ehr_member3_test3.csv
Member 1,test3,D2N169,clef_taskC_test3.csv,ehr_member1_test3.csv
Member 2,test3,D2N170,clef_taskC_test3.csv,ehr_member2_test3.csv
Member 3,test3,D2N171,clef_taskC_test3.csv,ehr_member3_test3.csv
Member 1,test3,D2N172,clef_taskC_test3.csv,ehr_member1_test3.csv
Member 2,test3,D2N173,clef_taskC_test3.csv,ehr_member2_test3.csv
Member 3,test3,D2N174,clef_taskC_test3.csv,ehr_member3_test3.csv
Member 1,test3,D2N175,clef_taskC_test3.csv,ehr_member1_test3.csv
Member 2,test3,D2N176,clef_taskC_test3.csv,ehr_member2_test3.csv
Member 3,test3,D2N177,clef_taskC_test3.csv,ehr_member3_test3.csv
Member 1,test3,D2N178,clef_taskC_test3.csv,ehr_member1_test3.csv
Member 2,test3,D2N179,clef_taskC_test3.csv,ehr_member2_test3.csv
Member 3,test3,D2N180,clef_taskC_test3.csv,ehr_member3_test3.csv
Member 1,test3,D2N181,clef_taskC_test3.csv,ehr_member1_test3.csv
Member 2,test3,D2N182,clef_taskC_test3.csv,ehr_member2_test3.csv
Member 3,test3,D2N183,clef_taskC_test3.csv,ehr_member3_test3.csv
Member 1,test3,D2N184,clef_taskC_test3.csv,ehr_member1_test3.csv
Member 2,test3,D2N185,clef_taskC_test3.csv,ehr_member2_test3.csv
Member 3,test3,D2N186,clef_taskC_test3.csv,ehr_member3_test3.csv
Member 1,test3,D2N187,clef_taskC_test3.csv,ehr_member1_test3.csv
Member 2,test3,D2N188,clef_taskC_test3.csv,ehr_member2_test3.csv
Member 3,test3,D2N189,clef_taskC_test3.csv,ehr_member3_test3.csv
Member 1,test3,D2N190,clef_taskC_test3.csv,ehr_member1_test3.csv
Member 2,test3,D2N191,clef_taskC_test3.csv,ehr_member2_test3.csv
Member 3,test3,D2N192,clef_taskC_test3.csv,ehr_member3_test3.csv
Member 1,test3,D2N193,clef_taskC_test3.csv,ehr_member1_test3.csv
Member 2,test3,D2N194,clef_taskC_test3.csv,ehr_member2_test3.csv
Member 3,test3,D2N195,clef_taskC_test3.csv,ehr_member3_test3.csv
Member 1,test3,D2N196,clef_taskC_test3.csv,ehr_member1_test3.csv
Member 2,test3,D2N197,clef_taskC_test3.csv,ehr_member2_test3.csv
Member 3,test3,D2N198,clef_taskC_test3.csv,ehr_member3_test3.csv
Member 1,test3,D2N199,clef_taskC_test3.csv,ehr_member1_test3.csv
Member 2,test3,D2N200,clef_taskC_test3.csv,ehr_member2_test3.csv
Member 3,test3,D2N201,clef_taskC_test3.csv,ehr_member3_test3.csv
Member 1,test3,D2N202,clef_taskC_test3.csv,ehr_member1_test3.csv
Member 2,test3,D2N203,clef_taskC_test3.csv,ehr_member2_test3.csv
Member 3,test3,D2N204,clef_taskC_test3.csv,ehr_member3_test3.csv
Member 1,test3,D2N205,clef_taskC_test3.csv,ehr_member1_test3.csv
Member 2,test3,D2N206,clef_taskC_test3.csv,ehr_member2_test3.csv
Member 3,test3,D2N207,clef_taskC_test3.csv,ehr_member3_test3.csv
