split,encounter_id,source_file,output_file
train,D2N001,train.csv,ehr_member1_train.csv
train,D2N004,train.csv,ehr_member1_train.csv
train,D2N007,train.csv,ehr_member1_train.csv
train,D2N010,train.csv,ehr_member1_train.csv
train,D2N013,train.csv,ehr_member1_train.csv
train,D2N016,train.csv,ehr_member1_train.csv
train,D2N019,train.csv,ehr_member1_train.csv
train,D2N022,train.csv,ehr_member1_train.csv
train,D2N025,train.csv,ehr_member1_train.csv
train,D2N028,train.csv,ehr_member1_train.csv
train,D2N031,train.csv,ehr_member1_train.csv
train,D2N034,train.csv,ehr_member1_train.csv
train,D2N037,train.csv,ehr_member1_train.csv
train,D2N040,train.csv,ehr_member1_train.csv
train,D2N043,train.csv,ehr_member1_train.csv
train,D2N046,train.csv,ehr_member1_train.csv
train,D2N049,train.csv,ehr_member1_train.csv
train,D2N052,train.csv,ehr_member1_train.csv
train,D2N055,train.csv,ehr_member1_train.csv
train,D2N058,train.csv,ehr_member1_train.csv
train,D2N061,train.csv,ehr_member1_train.csv
train,D2N064,train.csv,ehr_member1_train.csv
train,D2N067,train.csv,ehr_member1_train.csv
valid,D2N068,valid.csv,ehr_member1_valid.csv
valid,D2N071,valid.csv,ehr_member1_valid.csv
valid,D2N074,valid.csv,ehr_member1_valid.csv
valid,D2N077,valid.csv,ehr_member1_valid.csv
valid,D2N080,valid.csv,ehr_member1_valid.csv
valid,D2N083,valid.csv,ehr_member1_valid.csv
valid,D2N086,valid.csv,ehr_member1_valid.csv
test1,D2N089,clinicalnlp_taskB_test1.csv,ehr_member1_test1.csv
test1,D2N092,clinicalnlp_taskB_test1.csv,ehr_member1_test1.csv
test1,D2N095,clinicalnlp_taskB_test1.csv,ehr_member1_test1.csv
test1,D2N098,clinicalnlp_taskB_test1.csv,ehr_member1_test1.csv
test1,D2N101,clinicalnlp_taskB_test1.csv,ehr_member1_test1.csv
test1,D2N104,clinicalnlp_taskB_test1.csv,ehr_member1_test1.csv
test1,D2N107,clinicalnlp_taskB_test1.csv,ehr_member1_test1.csv
test1,D2N110,clinicalnlp_taskB_test1.csv,ehr_member1_test1.csv
test1,D2N113,clinicalnlp_taskB_test1.csv,ehr_member1_test1.csv
test1,D2N116,clinicalnlp_taskB_test1.csv,ehr_member1_test1.csv
test1,D2N119,clinicalnlp_taskB_test1.csv,ehr_member1_test1.csv
test1,D2N122,clinicalnlp_taskB_test1.csv,ehr_member1_test1.csv
test1,D2N125,clinicalnlp_taskB_test1.csv,ehr_member1_test1.csv
test2,D2N130,clinicalnlp_taskC_test2.csv,ehr_member1_test2.csv
test2,D2N133,clinicalnlp_taskC_test2.csv,ehr_member1_test2.csv
test2,D2N136,clinicalnlp_taskC_test2.csv,ehr_member1_test2.csv
test2,D2N139,clinicalnlp_taskC_test2.csv,ehr_member1_test2.csv
test2,D2N142,clinicalnlp_taskC_test2.csv,ehr_member1_test2.csv
test2,D2N145,clinicalnlp_taskC_test2.csv,ehr_member1_test2.csv
test2,D2N148,clinicalnlp_taskC_test2.csv,ehr_member1_test2.csv
test2,D2N151,clinicalnlp_taskC_test2.csv,ehr_member1_test2.csv
test2,D2N154,clinicalnlp_taskC_test2.csv,ehr_member1_test2.csv
test2,D2N157,clinicalnlp_taskC_test2.csv,ehr_member1_test2.csv
test2,D2N160,clinicalnlp_taskC_test2.csv,ehr_member1_test2.csv
test2,D2N163,clinicalnlp_taskC_test2.csv,ehr_member1_test2.csv
test2,D2N166,clinicalnlp_taskC_test2.csv,ehr_member1_test2.csv
test3,D2N169,clef_taskC_test3.csv,ehr_member1_test3.csv
test3,D2N172,clef_taskC_test3.csv,ehr_member1_test3.csv
test3,D2N175,clef_taskC_test3.csv,ehr_member1_test3.csv
test3,D2N178,clef_taskC_test3.csv,ehr_member1_test3.csv
test3,D2N181,clef_taskC_test3.csv,ehr_member1_test3.csv
test3,D2N184,clef_taskC_test3.csv,ehr_member1_test3.csv
test3,D2N187,clef_taskC_test3.csv,ehr_member1_test3.csv
test3,D2N190,clef_taskC_test3.csv,ehr_member1_test3.csv
test3,D2N193,clef_taskC_test3.csv,ehr_member1_test3.csv
test3,D2N196,clef_taskC_test3.csv,ehr_member1_test3.csv
test3,D2N199,clef_taskC_test3.csv,ehr_member1_test3.csv
test3,D2N202,clef_taskC_test3.csv,ehr_member1_test3.csv
test3,D2N205,clef_taskC_test3.csv,ehr_member1_test3.csv
