encounter_id,split,relative_time,event_type,description,diagnosis,medication,investigation,source_basis,evidence_basis,rejected_fields,rejection_reason
D2N001,train,T-1 year,followup,Patient had her last annual exam.,,,,temporal_expansion,it's been a year since i've seen you,,"The claim that the patient had an 'annual exam' is an inference not explicitly stated in the evidence basis, which only mentions that it has been a year since the last visit."
D2N001,train,T-1 year,procedure,Patient started attending weekly therapy.,,,,temporal_expansion,"been going every week , um , for the past year",,"The description field infers that the weekly appointments were for 'therapy,' which is not stated in the evidence basis."
D2N001,train,T-1 year,investigation,Patient underwent an echocardiogram showing an ejection fraction of 45% and mitral regurgitation.,,,echocardiogram,temporal_expansion,echocardiogram that we did last year,,The description field contains clinical findings (ejection fraction of 45% and mitral regurgitation) that are not present in the provided evidence basis.
D2N001,train,T-1 year,investigation,Patient underwent a lipid panel which showed slightly elevated cholesterol.,,,lipid panel,temporal_expansion,lipid panel from last year,,"The description field includes a claim that cholesterol was 'slightly elevated', which is not mentioned in the evidence basis."
D2N001,train,T-1 year,investigation,Patient underwent a lipid panel demonstrating slightly elevated cholesterol.,,,lipid panel,temporal_expansion,"lipid panel from last year , you know , everything , your cholesterol was like , a tiny bit high",,"The description field includes a claim that the patient 'underwent' the lipid panel, which is an inference of clinical action beyond the evidence state of having the panel, and uses the term 'demonstrating' which frames the conversational 'like' as a clinical finding."
D2N001,train,T-1 year,other,Patient started attending weekly therapy for depression.,,,,temporal_expansion,"been going every week , um , for the past year since my last annual exam",,The description field includes clinical information ('therapy for depression') that is not explicitly stated in the evidence basis.
D2N001,train,T-1 year,followup,Patient was last seen for her previous annual exam.,,,,temporal_expansion,it's been a year since i've seen you,,"The description field infers that the previous visit was an annual exam, which is not explicitly stated in the evidence basis."
D2N007,train,T-1 year,investigation,ECG results appearing unchanged from last year.,,,ECG,temporal_expansion,that looks basically unchanged from last year,,"The description field includes 'ECG results' and the investigation field includes 'ECG', neither of which are mentioned in the evidence basis provided."
D2N007,train,T-1 year,investigation,Lumbar spine X-ray results stable from last year.,,,lumbar spine x-ray,temporal_expansion,that's also stable from last year,,"The generated fields include 'lumbar spine x-ray', which is not mentioned in the evidence basis."
D2N007,train,T-1 year,investigation,Lumbar spine X-ray results stable in comparison to last year.,,,X-rays of the lumbar spine,temporal_expansion,X-rays of the lumbar spine stable in comparison to last year,,The generated fields 'description' and 'investigation' contain information not explicitly stated as separate entities in the evidence basis. The field 'description' includes an interpretation/summary that was not requested by the schema constraints.
D2N010,train,T-1 month,diagnosis,Patient has a history of gastroesophageal reflux.,reflux,,,current_encounter,I know that you've had this reflux in the past,,"The description field infers the patient has gastroesophageal reflux based on the word reflux, which is not explicitly stated in the evidence basis."
D2N010,train,T-1 month,medication,Patient is taking protonix for reflux.,,protonix,,current_encounter,do you feel like it's better since we've put you on the protonix?,,"The description field infers that the patient has reflux, which is not stated in the evidence basis."
D2N010,train,T-1 month,diagnosis,Patient has a history of right rotator cuff issues.,right rotator cuff issues,,,current_encounter,I know that we had an issue with your right rotator cuff,,"The term 'history' implies a past clinical status not explicitly stated in the evidence basis, which only mentions a singular issue."
D2N019,train,T-1 month,medication,Patient has an EpiPen for anaphylaxis.,,EpiPen,,temporal_expansion,just an epipen,,The description field infers the clinical condition 'anaphylaxis' which is not stated in the evidence basis.
D2N022,train,T-3 months,symptom,Patient sustained a hyperextension injury of the right index finger during a motor vehicle accident.,,,,temporal_expansion,had a hyperextension injury of that index finger during a motor vehicle accident in march of this year,,The evidence basis does not state that the index finger was on the right hand; specifying 'right' constitutes an unstated clinical assumption.
D2N022,train,T-3 months,diagnosis,Patient has a history of hypertension.,hypertension,,,temporal_expansion,Medical Hypertension,,"The description field includes the statement 'Patient has a history of', which is not explicitly stated in the evidence basis 'Medical Hypertension'."
D2N025,train,T-6 months,medication,Patient took Prilosec for two weeks.,,Prilosec,,temporal_expansion,i think it was two weeks back in january,,"The generated fields 'description' and 'medication' mention 'Prilosec', which is not present in the evidence basis."
D2N025,train,T-3 months,diagnosis,Patient had an exacerbation of chronic congestive heart failure in the spring.,chronic congestive heart failure,,,temporal_expansion,"had an exacerbation of cf , chf earlier in the spring",,"The evidence states 'chf', but the generated fields include the full term 'chronic congestive heart failure', which constitutes an inference not explicitly stated in the provided text."
D2N025,train,T-3 months,medication,Patient started torsemide 20 mg daily.,,torsemide,,temporal_expansion,we switched her from a furosemide to torsemide,,"The description field includes '20 mg daily', which is not mentioned in the evidence basis."
D2N025,train,T-3 months,investigation,Patient had an A1c test result of 5.5.,,,A1c,temporal_expansion,your last a1c was 5.5 in march,,"The 'description', 'investigation', and field structure were not part of the requested schema, and 'Patient' was inferred rather than explicitly stated in the evidence basis."
D2N028,train,T-3 years,symptom,Patient had abdominal pain on and off for two years.,,,,current_encounter,i've had the pain on and off for about two years,,The description field includes 'abdominal' which is not explicitly stated in the evidence basis.
D2N028,train,T-6 months,diagnosis,Patient had elevated AST and ALT liver enzymes.,elevated liver enzymes,,,current_encounter,he said i had some very slightly elevated liver enzymes,,"The description field specifies AST and ALT enzymes, which are not mentioned in the evidence basis."
D2N031,train,T-10 years,procedure,Bilateral tubal ligation.,,,,temporal_expansion,i did have my tubes tied after my last baby,,"The description 'Bilateral tubal ligation' infers that both tubes were tied, whereas the evidence basis only states 'my tubes tied' without specifying the count or procedure type."
D2N031,train,T-10 years,other,Quit smoking.,,,,temporal_expansion,i probably quit about 30 years ago,,"The description field 'Quit smoking' adds the context of smoking, which is not explicitly stated in the evidence basis provided."
D2N031,train,T-5 years,procedure,Colonoscopy with removal of polyp.,,,colonoscopy,temporal_expansion,"i had one in 2018 and, if i remember correctly, i had one polyp and that was removed",,"The description field includes 'Colonoscopy', which is an inference of the procedure type not explicitly named in the evidence basis, as the text only refers to 'one' without specifying the medical investigation."
D2N031,train,T-3 years,procedure,Ultrasound-guided core needle biopsy of right breast.,,,ultrasound-guided core needle biopsy,temporal_expansion,"ultrasound-guided core needle biopsy on december 5th, 2019",,"The description field includes 'of right breast', which is clinical information not present in the provided evidence basis."
D2N031,train,T-3 years,procedure,Removal of 5 lymph nodes.,,,,temporal_expansion,removed 5 lymph nodes,,The field description contains information not explicitly present in the provided evidence basis.
D2N034,train,T-1 month,symptom,Patient has had previous episodes of shoulder pain.,,,,current_encounter,he has experienced left shoulder pain before,,The description field contains information about 'episodes' (plural) and specific 'shoulder pain' clinical history that implies a recurrent pattern not strictly stated in the evidence basis which only mentions he has experienced left shoulder pain before.
D2N037,train,T-1 year,medication,Patient reports using ibuprofen 800 mg 3 times daily for pain.,,ibuprofen 800 mg,,temporal_expansion,he does use ibuprofen 800 mg 3 times daily,,The description field contains the information 'for pain' which is not stated in the provided evidence basis.
D2N040,train,T-1 month,procedure,Patient had a prior physical exam including heart auscultation.,,,,current_encounter,grade three out of six systolic ejection murmur that is unchanged from prior exam,,The description field contains an inference about a prior physical exam including heart auscultation which is not explicitly stated in the evidence basis.
D2N043,train,T-10 years,diagnosis,Patient has a history of a systolic murmur.,2/6 systolic murmur,,,temporal_expansion,I do however still appreciate that two over six systolic murmur that we talked about in the past,,"The description field infers a 'history' of the condition which is not explicitly stated, although the evidence mentions it was discussed in the past."
D2N043,train,T-1 year,procedure,Patient previously stopped smoking cold turkey for nearly a year.,,,,temporal_expansion,I was able to quit smoking for almost a year,,The term 'cold turkey' is an inference not present in the evidence basis.
D2N049,train,T-1 year,diagnosis,Patient had an A1c of 7.3.,diabetes,,hemoglobin A1c,current_encounter,last time you came in your a1c was a little bit higher at seven . three,,The diagnosis of diabetes was inferred from the A1c value and is not explicitly stated in the evidence basis.
D2N049,train,T-1 year,diagnosis,Patient had blood pressure readings in the 180s.,hypertension,,,current_encounter,when you were first diagnosed you were up there in the the one eighties,,The 'diagnosis' field contains 'hypertension' which is a clinical inference not explicitly stated in the evidence basis.
D2N049,train,T-1 year,procedure,Patient has a known systolic ejection murmur.,,,cardiac exam,current_encounter,i do hear a grade two out of six systolic ejection murmur and that we knew about that already,,"The 'investigation' field contains 'cardiac exam', which is not explicitly stated in the evidence basis."
D2N052,train,T-1 year,diagnosis,Patient's father has a history of kidney stones.,kidney stones,,,temporal_expansion,her father has had kidney stones in the past,,"The generated field 'diagnosis' contains the term 'kidney stones' which is classified as a diagnosis, whereas the evidence basis only provides a historical family history account of the condition."
D2N058,train,T-1 year,procedure,Patient had a heart murmur evaluated.,,,,temporal_expansion,that's pretty much the same as last year,,The generated field 'description' contains information about a heart murmur evaluation that is not stated in the evidence basis.
D2N061,train,T-1 month,diagnosis,Patient has a history of diabetes.,diabetes,,,current_encounter,I also see that you're diabetic,,The description field contains clinical information ('history of diabetes') that is not explicitly stated in the evidence basis ('I also see that you're diabetic').
D2N067,train,T-10 years,procedure,The patient underwent a total right knee reconstruction at age 14.,,,,temporal_expansion,I had surgery on my right knee before... they reconstructed the whole thing i was fourteen,,"The evidence states the patient had a reconstruction of the 'whole thing', but it does not specify a 'total' reconstruction, which is a clinical term for a specific procedure that cannot be inferred."
D2N068,valid,T-1 year,other,Patient reports being consistent with healthy food intake for the last year.,,,,current_encounter,"ever since . the , the , the last year , it's been a little chaotic , but i wanted to make sure i stayed on top of that",,"The description field claims the patient is 'consistent with healthy food intake,' which is not stated in the evidence basis; the evidence only mentions being 'chaotic' and wanting to 'stay on top of' something unspecified."
D2N086,valid,T-3 years,diagnosis,Patient had an A1c of 13.,diabetes,,,temporal_expansion,i had an a1c that at one point was like thirteen,,The diagnosis 'diabetes' is a clinical inference not explicitly stated in the evidence basis.
D2N086,valid,T-3 years,diagnosis,Patient has maintained an A1c of 6.7 for two years.,diabetes,,,temporal_expansion,i've been six point seven for probably two years now,,The diagnosis of 'diabetes' is a clinical inference not explicitly stated in the evidence basis.
D2N086,valid,T-1 year,medication,Patient used to be on an insulin pump.,,insulin pump,,temporal_expansion,i used to be on an insulin pump,,"The 'medication' field contains 'insulin pump', which is a medical device, not a medication."
D2N089,test1,T-6 months,diagnosis,Patient had a reflux flare-up.,reflux,,,temporal_expansion,"i have n't had a flare up in over , i think , five months",,The evidence basis does not state that the patient has reflux or a reflux flare-up.
D2N089,test1,T-1 month,investigation,Patient underwent an event monitor.,,,event monitor,temporal_expansion,"we had called , um , last month and we- we did that event monitor for you",,The description field includes 'Patient underwent an event monitor' which adds a patient subject and narrative structure not explicitly present in the source text.
D2N092,test1,T-1 month,medication,Patient takes Flonase.,,Flonase,,current_encounter,i take flonase,,The generated fields included 'description' and 'medication' which were not requested in the schema and included information not explicitly stated in the evidence basis.
D2N095,test1,T-1 month,diagnosis,Patient has a history of seasonal allergies.,seasonal allergies,,,current_encounter,"nasal congestion, but that's just from my seasonal allergies",,The description field infers a 'history' of seasonal allergies which is not explicitly stated in the evidence basis.
D2N095,test1,T-1 month,other,Patient has a history of a systolic ejection murmur.,,,,current_encounter,you've had that before,,"The description field claims the patient has a history of a systolic ejection murmur, which is not stated in the evidence basis 'you've had that before'."
D2N098,test1,T-6 months,hospitalization,Patient fell on his left side while going up stairs.,,,,temporal_expansion,He fell five months ago going up a stairs,,"The description field includes 'on his left side', which is not mentioned in the evidence basis."
D2N101,test1,T-5 years,diagnosis,Patient has had breast reduction interest for seven years.,macromastia,,,temporal_expansion,has been interested in getting a breast reduction for approximately 7 years,,The diagnosis field 'macromastia' is a clinical inference not explicitly stated in the evidence basis.
D2N101,test1,T-3 years,procedure,Patient has been going to the chiropractor for a few years for pain.,,,,temporal_expansion,been going to the chiropractor for a few years,,"The description field includes the phrase 'for pain', which is not mentioned in the evidence basis."
D2N104,test1,T-3 months,followup,Patient had a previous visit.,,,,current_encounter,since the last time,,The description 'Patient had a previous visit' infers a clinical encounter or visit type that is not explicitly stated in the evidence basis 'since the last time'.
D2N104,test1,T-3 months,diagnosis,Patient had pain in her knee before methotrexate increase.,knee pain,,,current_encounter,it hurt before we increased the methotrexate,,The evidence basis does not specify the anatomical location of the pain as the knee.
D2N107,test1,T-3 years,symptom,Patient had a similar episode of back pain.,,,,temporal_expansion,i had it once about three years ago,,"The description field infers that the episode was 'back pain', which is not mentioned in the evidence basis."
D2N110,test1,T-3 years,followup,Patient last visited a podiatrist 2 years ago.,,,,temporal_expansion,I used to see a podiatrist and a couple of years ago,,"The evidence basis states the patient saw a podiatrist a couple of years ago, which is imprecise; the generated field '2 years ago' is a specific inference that is not explicitly stated."
D2N110,test1,T-3 years,other,Patient purchased Hoka shoes.,,,,temporal_expansion,I got them at rei couple of years ago,,"The description infers the item purchased was 'Hoka shoes', whereas the evidence basis only states 'them' without identifying the brand or product type."
D2N113,test1,T-10 years,other,Patient used IV drugs over 15 years ago.,,,,temporal_expansion,i've been clean for over fifteen years now,,The term 'IV drugs' is a clinical inference not explicitly stated in the evidence basis.
D2N113,test1,T-1 year,procedure,Systolic murmur noted last year.,systolic murmur,,,temporal_expansion,that has n't changed from last year,,The description and diagnosis fields contain clinical information ('systolic murmur') that is not present in the provided evidence basis.
D2N119,test1,T-10 years,hospitalization,Patient was hospitalized for asthma at age eight.,asthma,,,temporal_expansion,when i was young i think like around eight years old i had to be hospitalized,,The generated field 'description' and 'diagnosis' infer a specific medical condition (asthma) that is not mentioned in the evidence basis.
D2N119,test1,T-1 year,hospitalization,Patient had several emergency department or urgent care visits in the past year.,,,,temporal_expansion,i've had several this past year,,"The description field infers that the visits were to the 'emergency department or urgent care', which is not explicitly stated in the evidence basis."
D2N119,test1,T-1 year,medication,Patient was treated with prednisone during urgent care or emergency department visits.,,prednisone,,temporal_expansion,they almost always have to start me on prednisone,,"The description field infers that the prednisone treatment occurred during urgent care or emergency department visits, which is not mentioned in the evidence basis."
D2N119,test1,T-1 month,diagnosis,Patient had an asthma exacerbation about a month ago.,asthma,,,temporal_expansion,probably about a month ago,,"The generated fields contain clinical information, specifically an 'asthma exacerbation' and a 'diagnosis' of 'asthma', which are not supported by the evidence basis 'probably about a month ago'."
D2N122,test1,T-8 years,medication,Patient takes methotrexate 7.5 mg every week.,,methotrexate,,current_encounter,i take methotrexate i think it's seven and a half milligrams every week,,The field description contains information not explicitly stated in the evidence basis because it includes the medication strength '7.5 mg' which is not present in the provided text.
D2N125,test1,T-3 months,symptom,Patient reports stabbing shooting pain in the right cheek bone area for a couple of months.,,,,temporal_expansion,stabbing shooting pain I've had for a while ... I've had it for I think a couple of months now,,The description includes the location 'right cheek bone area' which is not stated in the evidence basis.
D2N125,test1,T-3 months,medication,Patient tried ibuprofen and motrin for facial pain.,,"ibuprofen, motrin",,temporal_expansion,I've tried ibuprofen and motrin that had really hasn't helped it,,"The description field includes 'facial pain', which is not explicitly stated in the evidence basis."
D2N130,test2,T-1 year,followup,Patient started therapy for depression.,depression,,,temporal_expansion,she started therapy last year,,The evidence basis states therapy was started but does not specify the diagnosis of depression.
D2N133,test2,T-3 years,procedure,Patient underwent carpal tunnel release.,carpal tunnel syndrome,,,temporal_expansion,history of carpal tunnel release done a couple years ago,,"The diagnosis 'carpal tunnel syndrome' is a clinical inference not explicitly stated in the evidence basis, which only mentions the history of a surgical procedure."
D2N136,test2,T-3 years,procedure,Patient had a right shoulder rotator cuff repair.,,,,temporal_expansion,I had a rotator cuff repair about two years ago.,,"The description field specifies a right shoulder, which is not explicitly stated in the evidence basis."
D2N136,test2,T-3 years,diagnosis,Patient has a history of diabetes.,diabetes,,,temporal_expansion,I have diabetes.,,"The 'description' field contains the phrase 'history of', which is not explicitly stated in the evidence basis and constitutes an inference."
D2N136,test2,T-3 years,diagnosis,Patient has a history of high blood pressure.,high blood pressure,,,temporal_expansion,i do have high blood pressure,,"The description field includes 'history of', which is an inference not explicitly stated in the evidence basis."
D2N139,test2,T-1 month,medication,Patient started taking Benicar HCT.,,Benicar HCT,,temporal_expansion,she put me on a new medication about a month ago,,"The evidence basis does not specify the medication name Benicar HCT, which constitutes an external clinical inference."
D2N139,test2,T-2 weeks,investigation,Patient had a potassium level check.,,,potassium level,temporal_expansion,your potassium one week ago was 4.0,,"The description field 'Patient had a potassium level check' implies a clinical event (an action taken) that is not explicitly stated in the evidence basis, which only provides a lab result value."
D2N142,test2,T-3 months,investigation,Patient received coronavirus vaccine.,,,coronavirus vaccine,temporal_expansion,"have you received your coronavirus vaccine? yes, on february 9th",,"The 'description' and 'investigation' fields include information not explicitly stated in the evidence, specifically the classification of a vaccine as an investigation."
D2N142,test2,T-1 month,medication,Patient was prescribed hydrochlorothiazide 12.5 mg and lisinopril 20 mg at last visit.,,"hydrochlorothiazide, lisinopril",,temporal_expansion,"after presenting at 150 over 100 she was prescribed hydrochlorothiazide 12.5 milligrams by mouth once daily , and lisinopril 20 milligrams by mouth once daily",,The description field contains the information 'at last visit' which is not explicitly stated in the evidence basis.
D2N142,test2,T-1 month,diagnosis,Patient was documented with hypertension at the last visit.,hypertension,,,temporal_expansion,at last visit on april 16th her blood pressure was 130 over 90,,"The generated fields 'description' and 'diagnosis' infer 'hypertension', which is a clinical diagnosis not explicitly stated in the evidence basis regarding the blood pressure reading."
D2N145,test2,T-1 month,diagnosis,Patient has a history of perioral dermatitis.,perioral dermatitis,,,current_encounter,Follow-up for perioral dermatitis,,"The description field includes the claim that the patient has a history of perioral dermatitis, whereas the evidence basis only states the reason for the visit is follow-up for perioral dermatitis."
D2N145,test2,T-1 month,medication,Patient was taking doxycycline twice a day.,,doxycycline,,current_encounter,The patient was applying doxycycline twice a day with improvement,,"The description states the patient was taking doxycycline, but the evidence basis explicitly states the patient was applying it topically."
D2N145,test2,T-1 month,medication,Patient was previously using clindamycin.,,clindamycin,,current_encounter,we'll get rid of the clindamycin from your list as well,,The description 'Patient was previously using clindamycin' contains an inference of past usage/status not explicitly stated in the evidence basis.
D2N148,test2,T-3 months,symptom,Patient reports injury to lower back while moving boxes.,,,,temporal_expansion,"onset of his pain began 4 months ago, when he was moving boxes",,The description field contains an inference of 'injury to lower back' which is not explicitly stated in the evidence basis.
D2N151,test2,T-1 year,medication,Patient had a diabetic consult a long time ago.,,,diabetic consult,temporal_expansion,i had a diabetic consult a long time ago,,"The 'description' field contains information not explicitly stated in the evidence basis as it paraphrases the input rather than reflecting the raw evidence, and the 'investigation' field incorrectly classifies a 'diabetic consult' as an investigation."
D2N154,test2,T-1 year,other,Patient previously played hockey when he lived in Detroit.,,,,temporal_expansion,used to when i lived in detroit,,The evidence basis does not explicitly state the patient played hockey; 'used to' is ambiguous and does not confirm the activity.
D2N157,test2,T-1 year,followup,Patient last saw nephrologist.,,,,current_encounter,probably a year ago,,The evidence basis does not state that the patient saw a nephrologist; it only specifies a timeframe for an unspecified event.
D2N160,test2,T-3 years,diagnosis,Patient has a history of diabetes.,diabetes,,,current_encounter,diabetes we are gon na check up on those as well,,The description field infers a 'history of diabetes' which is not explicitly stated in the evidence basis; the evidence basis only mentions checking up on diabetes.
D2N160,test2,T-3 years,diagnosis,Patient has a history of a heart murmur.,systolic ejection murmur,,,current_encounter,you do still have that grade two out of six systolic ejection murmur but we know it about that before,,The description field infers that the patient has a 'history of a heart murmur' which implies longitudinal clinical context not explicitly present in the evidence basis text.
D2N160,test2,T-2 weeks,investigation,Patient had an x-ray of the right elbow.,,,x-ray of the right elbow,current_encounter,we did do an x-ray before you came in,,The generated fields 'description' and 'investigation' include the specific anatomical location 'right elbow' which is not mentioned in the evidence basis.
D2N163,test2,T-3 years,other,Patient identified as nongender.,,,,temporal_expansion,i decided about two years ago that i i do n't feel much like a girl i it's it's more of just kind of a nongender,,"The description field contains an inference that the patient 'identified' as nongender, whereas the evidence basis states the patient feels 'more of just kind of a nongender'."
D2N163,test2,T-1 year,investigation,Patient had a cholesterol check which was borderline.,,,cholesterol check,temporal_expansion,i had mine checked last year and the doctor said it was a little borderline,,The evidence basis does not explicitly state that the check was for cholesterol; attributing the 'borderline' result specifically to cholesterol is a clinical inference.
D2N166,test2,T-1 year,diagnosis,Patient's father has back pain.,back pain,,,current_encounter,my dad has back pain,,The description field includes an inference that the subject is the patient's father whereas the evidence only mentions my dad.
D2N169,test3,T-6 months,medication,Patient has been taking Imitrex for migraines.,migraines,Imitrex,,temporal_expansion,i've treated you for migraines in the past... i think we had you on imitrex for that,,"The description field infers that the patient 'has been taking' the medication, whereas the evidence basis only states that the provider 'think[s]' they 'had [the patient] on' it, which implies a past prescription rather than a confirmed current or continuous usage status."
D2N169,test3,T-6 months,medication,Patient has been taking Protonix for reflux.,reflux,Protonix,,temporal_expansion,"everything's working out well with the protonix... your reflux, how are you doing with that?",,"The description field infers that the patient has been taking the medication, whereas the evidence basis only states it is working out well, which could imply usage but does not explicitly confirm the patient has been taking it."
D2N175,test3,T-5 years,procedure,Patient had an ACL repair on her right knee.,,,,temporal_expansion,"I had, um, an acl repair on my right knee",,"The description field includes the pronoun 'her', which is not stated in the evidence basis."
D2N178,test3,T-1 year,procedure,Patient underwent cataract surgery.,cataracts,,,temporal_expansion,"I had the iodine for my eyes . cataracts , yep , okay . So he did that",,"The description field uses the term 'surgery', which is an inference not explicitly stated in the evidence basis ('So he did that')."
D2N178,test3,T-1 year,followup,Patient saw Dr. Sanchez at Optimum Optometrists one year ago.,,,,temporal_expansion,I got a really nice one i used to see a year ago,,The generated description includes specific entities such as 'Dr. Sanchez' and 'Optimum Optometrists' which are not mentioned in the evidence basis.
D2N178,test3,T-3 months,investigation,Patient had a Hemoglobin A1c of 9.9%.,Type 2 diabetes mellitus,,Hemoglobin A1c,temporal_expansion,when your a1c was 9.9,,The diagnosis 'Type 2 diabetes mellitus' is not explicitly stated in the evidence basis.
D2N178,test3,T-2 weeks,investigation,Patient reported systolic blood pressure of 116 mmHg a few weeks ago.,,,blood pressure,temporal_expansion,"a couple of weeks ago , it was 116 on the dot",,"The evidence basis only specifies a numeric value of 116 without explicitly identifying it as blood pressure or systolic, nor does it specify the unit mmHg, making these inclusions clinical inferences."
D2N181,test3,T-10 years,medication,Patient previously took ranitidine concurrently with omeprazole.,,ranitidine,,current_encounter,at one point i was on omeprazole and ranititine -dine,,"The description field adds information that the medications were taken concurrently, which is not explicitly stated in the evidence basis."
D2N181,test3,T-1 year,medication,Patient has been taking omeprazole for about a year.,,omeprazole,,current_encounter,"on the way , it is now i think about a year",,"The evidence basis does not mention omeprazole or any medication, making the generated fields 'description' and 'medication' unsupported."
D2N190,test3,T-1 month,symptom,"Patient has a dime-sized dry abrasion over the medial patella, estimated to be one week old at time of encounter.",,,,temporal_expansion,dime-sized abrasion that is dry and appears to be 1 week old,,"The generated description includes the clinical location 'medial patella', which is not mentioned in the evidence basis."
D2N190,test3,T-2 weeks,symptom,"Patient fell off a tandem bike and hit her right knee on a curb, resulting in persistent pain.",,,,temporal_expansion,fell off of a tandem bicycle and struck her right knee on a curb approximately 2 weeks ago,,"The description field includes 'resulting in persistent pain', which is not mentioned in the evidence basis."
D2N193,test3,T-1 year,diagnosis,Patient has a history of hypertension.,hypertension,,,current_encounter,Patient reports history of... hypertension,,The field 'description' contains information not directly contained within the evidence basis and the field 'diagnosis' was not requested by the schema.
D2N196,test3,T-1 month,diagnosis,Patient has a history of osteoarthritis.,osteoarthritis,,,current_encounter,history of osteoarthritis,,"The generated field 'description' contains information (the sentence 'Patient has a history of osteoarthritis') which is not explicitly stated in the evidence basis provided, violating the strict adherence rule."
D2N202,test3,T-1 month,medication,Patient took Advil for right shoulder pain.,,Advil,,temporal_expansion,I iced the arm and then i also i also took some advil,,The description field includes 'right shoulder pain' which is not stated in the evidence basis.
D2N202,test3,T-1 month,symptom,Patient experienced numbness and tingling in her arm and hand.,,,,temporal_expansion,i did when i initially hurt it,,The description field contains clinical information regarding numbness and tingling in the arm and hand which is not present in the evidence basis.
D2N205,test3,T-1 month,diagnosis,Patient reports recent diagnosis of stage III non-small cell lung cancer.,stage III non-small cell lung cancer,,,current_encounter,recent diagnosis of stage three nonsmol cell lung cancer,,"The description field contains information not present in the evidence basis, specifically that the 'Patient reports' the diagnosis, which adds an external source of information not stated in the evidence."
D2N205,test3,T-2 weeks,medication,Patient reports taking Cisplatin and etoposide as chemotherapy.,,Cisplatin and etoposide,,current_encounter,you're on a combination of sysplatin and a topicide,,"The description field infers that the drugs are being used as 'chemotherapy', which is not explicitly stated in the evidence basis."
D2N205,test3,T-2 weeks,medication,Patient reports taking Zofran for nausea.,,Zofran,,current_encounter,i took the zofran that you prescribed,,"The description field includes 'for nausea', which is not explicitly stated in the evidence basis."
D2N205,test3,T-2 weeks,investigation,Chest x-ray showing mild radiation pneumonitis.,mild radiation pneumonitis,,chest x-ray,current_encounter,prior to coming to see me you did get a chest x-ray it looks like you do have mild radiation umitis,,The evidence basis mentions 'radiation umitis' which is phonetically unclear or potentially a transcription error for 'radiation pneumonitis'; assuming 'radiation pneumonitis' constitutes a clinical inference or correction not strictly stated in the source text.
