split,encounter_id,status,accepted_event_count,manual_review_required,error,attempt_count
train,D2N001,manual_review,0,True,,1
train,D2N001,completed,1,False,,2
train,D2N004,completed,1,False,,1
train,D2N007,completed,1,False,,1
train,D2N010,completed,1,False,,1
train,D2N013,completed,3,False,,1
train,D2N016,completed,4,False,,1
train,D2N019,completed,2,False,,1
train,D2N022,completed,4,False,,1
train,D2N025,completed,1,False,,1
train,D2N028,completed,6,False,,1
train,D2N031,completed,6,False,,1
train,D2N034,manual_review,0,True,,1
train,D2N037,completed,1,False,,1
train,D2N040,completed,2,False,,1
train,D2N043,manual_review,0,True,,1
train,D2N046,completed,1,False,,1
train,D2N049,completed,1,False,,1
train,D2N052,manual_review,0,True,,1
train,D2N055,manual_review,0,True,,1
train,D2N058,completed,3,False,,1
train,D2N061,completed,1,False,,1
train,D2N064,manual_review,0,True,,1
train,D2N067,manual_review,0,True,,1
valid,D2N068,completed,1,False,,1
valid,D2N071,completed,2,False,,1
valid,D2N074,completed,2,False,,1
valid,D2N077,manual_review,0,True,,1
valid,D2N080,completed,2,False,,1
valid,D2N083,manual_review,0,True,,1
valid,D2N086,manual_review,0,True,,1
test1,D2N089,completed,1,False,,1
test1,D2N092,completed,1,False,,1
test1,D2N095,completed,1,False,,1
test1,D2N098,completed,1,False,,1
test1,D2N101,completed,2,False,,1
test1,D2N104,manual_review,0,True,,1
test1,D2N107,manual_review,0,True,,1
test1,D2N110,completed,1,False,,1
test1,D2N113,manual_review,0,True,,1
test1,D2N116,completed,1,False,,1
test1,D2N119,manual_review,0,True,,1
test1,D2N122,completed,3,False,,1
test1,D2N125,completed,1,False,,1
test2,D2N130,completed,3,False,,1
test2,D2N133,completed,2,False,,1
test2,D2N136,manual_review,0,True,,1
test2,D2N139,completed,2,False,,1
test2,D2N142,completed,1,False,,1
test2,D2N145,completed,1,False,,1
test2,D2N148,completed,3,False,,1
test2,D2N151,completed,2,False,,1
test2,D2N154,manual_review,0,True,,1
test2,D2N157,completed,3,False,,1
test2,D2N160,completed,1,False,,1
test2,D2N163,manual_review,0,True,,1
test2,D2N166,completed,1,False,,1
test3,D2N169,completed,2,False,,1
test3,D2N172,completed,3,False,,1
test3,D2N175,manual_review,0,True,,1
test3,D2N178,manual_review,0,True,,1
test3,D2N181,completed,2,False,,1
test3,D2N184,completed,1,False,,1
test3,D2N187,manual_review,0,True,,1
test3,D2N190,manual_review,0,True,,1
test3,D2N193,completed,3,False,,1
test3,D2N196,completed,3,False,,1
test3,D2N199,completed,1,False,,1
test3,D2N202,manual_review,0,True,,1
test3,D2N205,completed,1,False,,1
